Sr. no. ,Song Title ,Movie,Year of release,Music director,Song type,Singer type,Singers,Youtube link,Audio Link
1,Aachal ke tuze,Door gagan ki Chhao mein,1964,Kishor Kumar,solo,Male,Kishor Kumar,https://www.youtube.com/watch?v=V8vQxix0yyo,http://mymp3song.org/filedownload/42376/aa_chal_ke_tujhe
2,AA Dekhe jara ,Rocky,1981,R D Barman,Duet,Male&Female,Kishor Kumar & Asha Bhosale,https://www.youtube.com/watch?v=yCNbITasdqE,http://mymp3song.org/filedownload/12818/aa_dekhen_zara
3,Aadmi jo kaheta Hai,Majboor,1974,lakshmikant Pyarelal,solo,Male,Kishor Kumar,https://www.youtube.com/watch?v=-ArgZa-UsAM,http://mymp3song.org/filedownload/10599/aadmi_jo_kehta_hai
4,Aai Khuda Har faisala tera Muze Manjur hai,Abdullah,1980,R D Barman,solo,Male,Kishor Kumar,https://www.youtube.com/watch?v=SJFAls-GDrk,http://mymp3song.org/filedownload/12632/aai_khuda_har_faisla
5,Aaiye Shauk se Kahiye,Parvarish,1977,lakshmikant Pyarelal,Duet,Male&Female,Kishor Kumar & Asha Bhosale,https://www.youtube.com/watch?v=yaaoqmrY67s,http://mymp3song.org/filedownload/17891/aaiye_shauk_se_kahiye
6,Aaj ka ye din,Nastik,1983,kalyanji Anandji,solo,Male,Kishor Kumar,https://www.youtube.com/watch?v=NSEO_q-1feM,http://mymp3song.org/filedownload/12146/aaj_ka_ye_din
7,Aaj Madhosh Hua Jaye re,Sharmili,1971,S D barman,Duet,Male&Female,Kishor Kumar& Lata Mangeshkar,https://www.youtube.com/watch?v=otbDicOFtfs,http://mymp3song.org/filedownload/15478/aaj_madhosh_hua_jaye_re
8,Aaj na chhodenge ,Kati patang,1970,R D Barman,Duet,Male&Female,Kishor Kumar& Lata Mangeshkar,https://www.youtube.com/watch?v=hCLW9VOLpuc,http://mymp3song.org/filedownload/45705/aaj_na_chhodenge
9,Aaj Rapat jaye to hame na uthaiyo,Namak Halal,1982,Bappi Lahiri,Duet,Male&Female,Kishor Kumar & Asha Bhosale,https://www.youtube.com/watch?v=oeQGqEQq9qw,http://mymp3song.org/filedownload/12176/aaj_rapat_jaye_to_hame_na_uthaiyo
10,Aake seedhi lagi dilpe jaise,Half Ticket,1962,Salil Chowdhary,solo,Male,Kishor Kumar,https://www.youtube.com/watch?v=ZJwOzpW3k7g,http://mymp3song.org/filedownload/4006/aake_seedhi_lagi_dil_pe_jaise
11,Aane wala pal jane wala hai,Golamal,1979,R D Barman,solo,Male,Kishor Kumar,https://www.youtube.com/watch?v=AFRAFHtU-PE,http://mymp3song.org/filedownload/2639/aanewala_pal_janewala_hai
12,Aankho Aankho me bat hone do,Aankho Aankho me ,1972,Shankar Jaikisan,Duet,Male&Female,Kishor Kumar & Asha Bhosale,https://www.youtube.com/watch?v=KCOSfVFVy1k,http://mymp3song.org/filedownload/38598/aankhon_aankhon_mein
13,Aapke kamare me koi,Yadon ki barat,1973,R D Barman,Duet,Male&Female,Kishor Kumar & Asha Bhosale& R D Barman,https://www.youtube.com/watch?v=fmnmiuSboJs,http://mymp3song.org/filedownload/7907/aap_ke_kamre_mein
14,Aap ki Aankhon me kuch,ghar,1978,R D Barman,Duet,Male&Female,Kishor Kumar& Lata Mangeshkar,https://www.youtube.com/watch?v=NbqCWwlNKrA,http://mymp3song.org/filedownload/2654/aap_ki_aankhon_mein_kuch
15,Aap yahan aaye kisliye,kal aaj aur kal,1971,Shankar Jaikisan,Duet,Male or Female,Kishor Kumar & Asha Bhosale,https://www.youtube.com/watch?v=dVVneMi8aGw,http://mymp3song.org/filedownload/12048/aap_yahan_aaye_kisliye
16,Aap ke anurodh pe mai ye git,Anurodh,1977,Lakshmikant Pyarelal,solo,male,Kishor Kumar,https://www.youtube.com/watch?v=Ih1a1HeXItc,http://mymp3song.org/filedownload/13257/aapke_anurodh_pe
17,Aashiq hoon Baharon ka,Aashiq hoon Baharon ka,1977,lakshmikant Pyarelal,solo,male,Kishor Kumar,https://www.youtube.com/watch?v=UxJQ9jSGrmw,http://mymp3song.org/filedownload/13106/aashiq_hoon_baharon_ka
18,Aasaman ke neeche,Jewel Thief,1967,S D barman,Duet,Male&Female,Kishor Kumar& Lata Mangeshkar,https://www.youtube.com/watch?v=VqZO__oc7uQ,http://mymp3song.org/filedownload/10509/aasman_ke_neeche
19,Aate jate Khoob Surat Aawara,Anurodh,1977,lakshmikant Pyarelal,solo,male,Kishor Kumar,https://www.youtube.com/watch?v=Tg52t-NaM1o,http://mymp3song.org/filedownload/45592/aate_jate_khoobsurat_awara
20,Aati rahengi baharen,kasme Wade,1978,R D Barman,Duet,Male&Female,Amit Kumar&Asha Bhosale&Kishor Kumar,https://www.youtube.com/watch?v=CD2KC79uaes,http://mymp3song.org/filedownload/11978/aati_rahengi_baharen
21,Aaye tum Yad muze,Mili,1975,S D barman,solo,male,Kishor Kumar,https://www.youtube.com/watch?v=UR8fYR4Yyy4,http://mymp3song.org/filedownload/10595/aaye_tum_yaad_mujhe
22,Ab chahe maruthe ya baba,Dag,1973,lakshmikant Pyarelal,Duet,Male&Female,Kishor Kumar& Lata Mangeshkar,https://www.youtube.com/watch?v=hjhQLGEQRhc,http://mymp3song.org/filedownload/46088/ab_chahe_ma_roothe_yaa_baba_-_revival
23,Abke sawan mein Jee dare,jaise ki taisa,1973,R D Barman,Duet,Male&Female,Kishor Kumar& Lata Mangeshkar,https://www.youtube.com/watch?v=GASi_HbNOys,http://mymp3song.org/filedownload/44246/ab_ke_sawan_mein_jee_dare
24,Achha to hum chalte hain,Aan Milo Sajana,1970,lakshmikant Pyarelal,Duet,Male&Female,Kishor Kumar& Lata Mangeshkar,https://www.youtube.com/watch?v=Xe55gfVfHig,http://mymp3song.org/filedownload/14214/achha_to_hum_chalte_hain
25,Ae mera dil mat kar kisipe aitbaar,Albela,1971,Shankar Jaikisan,solo,male,Kishor Kumar,https://www.youtube.com/watch?v=ZGoS0s9ZDws,http://mymp3song.org/filedownload/38590/ae_mere_dil_mat_kar_kisi_pe_aitbaar
26,Agar saj chheda,Jawani Diwani,1972,R D Barman,Duet,Male&Female,Kishor Kumar & Asha Bhosale,https://www.youtube.com/watch?v=3TZhiDHVQ4o,http://mymp3song.org/filedownload/10404/agar_saaz_chheda
27,Agar Tum na Hote,Agar Tum na Hote,1983,R D Barman,solo,male,Kishor Kumar,https://www.youtube.com/watch?v=JtUr5TU3SY0,http://mymp3song.org/filedownload/12325/agar_tum_na_hote_-_sad_-_male
28,Choo kar mere Mann Ko ,yarana,1981,Rajesh Roshan,solo,male,Kishor Kumar,https://www.youtube.com/watch?v=BOLYNw3x1lE,http://mymp3song.org/filedownload/43900/chookar_mere_mann_ko
29,Aise na muze tum dekho,Darling Darling,1977,R D Barman,solo,male,Kishor Kumar,https://www.youtube.com/watch?v=fPEKEpV9JJw,http://mymp3song.org/filedownload/42590/aise_na_mujhe
30,Ajanabi tum jane pahechane se lagate ho,Hum Sab Ustad Hai,1965,lakshmikant Pyarelal,solo,male,Kishor Kumar,https://www.youtube.com/watch?v=3Pmw1FnXnOY,http://mymp3song.org/filedownload/3946/ajnabi_tum_jaane_pehchane_se_-_male
31,Albela Mausam Kaheta hai Swagatam,Tohfa,1984,Bappi Lahiri,Duet,Male&Female,Kishor Kumar& Lata Mangeshkar,https://www.youtube.com/watch?v=aLZK7y8mcaE,http://mymp3song.org/filedownload/13740/albela_mausam_kehta_hai_swagatam
32,Allha megh de pani de,Palkonki chhav mein,1977,lakshmikant Pyarelal,Duet,Male&Female,Kishor Kumar & Asha Bhosale,https://www.youtube.com/watch?v=GOG1-I8hnC4,http://mymp3song.org/filedownload/40948/allah_megh_de_pani_de
33,Amar Akbar Anthony,Amar Akbar Anthony,1977,lakshmikant Pyarelal,Duet,Male&Female,Kishor Kumar& Mahendra Kapoor&Shailedra Singh,https://www.youtube.com/watch?v=3GhGq7db9v0,http://mymp3song.org/filedownload/13242/amar_akbar_anthony
34,Amitabh nahi hoon,Chhota Admi,1986,"Mahesh, Naresh",solo,male,Kishor Kumar,https://www.youtube.com/watch?v=7LSctwLyF0M,http://mymp3song.org/filedownload/41587/amitabh_nahin_hoon_-_happy
35,Andheri raaton mein,shahenshah,1988,Utpal Biswas/Amar Biswas,solo,male,Kishor Kumar,https://www.youtube.com/watch?v=EFYmp3ClvAw,http://mymp3song.org/filedownload/15332/andheri_raaton_mein
36,Aakhon mein kya ji,Nau Do Gyarah,1957,S D barman,Duet,Male&Female,Kishor Kumar & Asha Bhosale,https://www.youtube.com/watch?v=tlfpzi609fE,http://mymp3song.org/filedownload/12871/ankhon_mein_kya_ji
37,Apne Jivan Ki uljhan ko,Uljhan,1975,kalyanji Anandji,solo,male,Kishor Kumar,https://www.youtube.com/watch?v=jeWqI-j8uuM,http://mymp3song.org/filedownload/43667/apne_jeevan_ki_uljhan_ko_-_male
38,Apni to jaise Taise,lawaris,1981,kalyanji Anandji,solo,male,Kishor Kumar,https://www.youtube.com/watch?v=oLlTli4T1xM,http://mymp3song.org/filedownload/10865/apni_to_jaise_taise
39,Are Diwano Muze pahechano,Don,1978,kalyanji Anandji,solo,male,Kishor Kumar,https://www.youtube.com/watch?v=T3lGXmthW1Q,http://mymp3song.org/filedownload/20347/are_diwano_mujhe_pehchano
40,Babu samjho Eshare,Chalti ka Nam Gadi,1958,S D barman,Duet,Male&Female,Kishor Kumar&Manna Dey,https://www.youtube.com/watch?v=xlbAlfzIPo0,http://mymp3song.org/filedownload/3758/babu_samjho_ishare
41,bachake rahana re baba,Pukar,1983,R D Barman,Duet,Male&Female,Kishor kumar&Asha Bhosale& R D barman,https://www.youtube.com/watch?v=2nFL25w6iso,http://mymp3song.org/filedownload/46400/bachke_rehna_re_baba
42,Bachana Ae Hasino lo main aa gaya,Hum Kisise kam nahi,1977,R D Barman,solo,male,Kishor Kumar,https://www.youtube.com/watch?v=ZsjLQOco35U,http://mymp3song.org/filedownload/3634/bachna_ae_hasinon_lo_main_aa_gaya
43,Bachapan har Gum se Begana Hota Hai,Geet Gaata Chal,1975,Ravindra Jain,solo,male,Kishor Kumar,https://www.youtube.com/watch?v=voC7BFtSZko,http://mymp3song.org/filedownload/2685/bachpan_har_gham_se_begana
44,Bheegi Bheegi raton mein,Ajanabee,1974,R D Barman,Duet,Male&Female,Kishor Kumar& Lata Mangeshkar,https://www.youtube.com/watch?v=7IsvJVlFyGI,http://mymp3song.org/filedownload/14101/bheegi_bheegi_raaton_mein
45,Bhole O Bhole,yarana,1981,Rajesh Roshan,solo,male,Kishor Kumar,https://www.youtube.com/watch?v=Nqmp8-iD_As,http://mymp3song.org/filedownload/43895/bhole_o_bhole
46,Bam chike Chike Cham Chike Chike,Kahate hain Mujhako Raja,1975,R D Barman,solo,male,Kishor Kumar,https://www.youtube.com/watch?v=E93060hRRmY,http://mymp3song.org/filedownload/37868/bam_chike_chike_cham_chike_chike
47,Bani Rahe Jodi Raja Rani Ki ,Khoon Pasina,1977,kalyanji Anandji,solo,male,Kishor Kumar,https://www.youtube.com/watch?v=m4bb0Np9VNA,http://mymp3song.org/filedownload/11980/bani_rahe_jodi_raja_rani_ki
48,Baraso Purana ye Yaarana,Hera Pheri,1976,kalyanji Anandji,solo,male,Kishor Kumar,https://www.youtube.com/watch?v=QtPqpnxLkZQ,http://mymp3song.org/filedownload/3638/barson_purana_ye_yaarana
49,Beqarare Dil Tu Gaye Ja,Door Ka Rahi,1971,Kishor Kumar,Duet,Male&Female,Kishor Kumar& Sulakshana Pandit,https://www.youtube.com/watch?v=v0A1D26wFiA,http://mymp3song.org/filedownload/42515/beqarar_dil_tu_gaaye_ja
50,Bhanvare Ki Gunjan,kal aaj aur kal,1971,Shankar Jaikisan,solo,male,Kishor Kumar,https://www.youtube.com/watch?v=6aMH-zOmTh8,http://mymp3song.org/filedownload/12045/bhanware_ki_gunjan
51,Bap Ki kasam,Mawali,1983,Bappi Lahiri,Duet,Male& Female,Kishor Kumar&Asha Bhosale,https://www.youtube.com/watch?v=XiMFf7Qgr6A,http://mymp3song.org/filedownload/39218/baap_ki_kasam
52,Badi Sooni Sooni hai,Mili,1975,R D Barman,Solo,Male ,Kishor Kumar ,https://www.youtube.com/watch?v=q659UcAUI1M,http://mymp3song.org/filedownload/46058/badi_sooni_sooni_hai_-_revival
53,Bahoot Khoobsurat Jawan Ek Ladki,Dostana,1980,Laxmikant Pyarelal,Solo,male,Kishor Kumar ,https://www.youtube.com/watch?v=zOLQ92x-jqg,http://mymp3song.org/filedownload/42684/bahoot_khoobsurat_jawan_ek_ladki
54,Bahut Door Mujhe Chale Jaana Hai,Heera Panna,1973,R D Barman,Duet,Male& Female,Kishor Kumar& Lata Mangeshkar,https://www.youtube.com/watch?v=-e2qoDsEDu8,http://mymp3song.org/filedownload/3876/bahut_door_mujhe_chale_jaana_hai
55,Baith Ja Khadi Ho Ja,Amir Garib,1974,Laxmikant Pyarelal,Duet,Male& Female,Kishor Kumar& Lata Mangeshkar,https://www.youtube.com/watch?v=V3t8SunHzkk,http://mymp3song.org/filedownload/14093/baith_ja_khadi_ho_ja
56,Ban Gaya Buddha Sharabi,Aap Beati,1976,Laxmikant Pyarelal,Duet,Male,Kishor Kumar& Manna Dey,https://www.youtube.com/watch?v=h4A48UwtkJw,http://mymp3song.org/filedownload/38673/ban_gaya_buddha_sharabi
57,Band Mutthi Lakh Ki,Chalti Ka Nam Jindagi,1982,Kishor Kumar,Duet,Male,Kishor Kumar& Manna Dey& Rafi,https://www.youtube.com/watch?v=xv_Bzh_d12E,http://mymp3song.org/filedownload/41382/band_mutthi_lakh_ki
58,Barah Baje Ki Suiyon Jaise,Jhoota Kahi Ka,1979,R D Barman,Duet,Male& Female,Kishor Kumar&Asha Bhosale,https://www.youtube.com/watch?v=jTWyxrjioAg,http://mymp3song.org/filedownload/44263/barah_baje_ki_suiyon_jaise
59,Bhaiya Re Bhaiya Re,Jaise Ko Taisa,1973,R D Barman,Duet,Male& Female,Kishor Kumar&Asha Bhosale,https://www.youtube.com/watch?v=ebU9JZDgRJs,http://mymp3song.org/filedownload/44242/bhaiya_re_bhaiya_re
60,Bhali Bhali Si Ek Surat,Buddha Mil Gaya,1971,R D Barman,Duet,Male& Female,Kishor Kumar&Asha Bhosale,https://www.youtube.com/watch?v=r1hWkp6umX8,http://mymp3song.org/filedownload/5485/bhali_bhali_si_ek_surat
61,Bheegi Bheegi Aankhen,Ishk Ishk Ishk,1974,R D Barman,Duet,Male& Female,Kishor Kumar&Asha Bhosale,https://www.youtube.com/watch?v=xsybTQfP6XA,http://mymp3song.org/filedownload/1391/bheegi_bheegi_aankhen
62,Bol Meri Gudiya,Bhai Ho to Aisa,1972,Sonik Omi,Duet,Male& Female,Kishor Kumar& Lata Mangeshkar,https://www.youtube.com/watch?v=Swqmw3wRHzc,http://mymp3song.org/filedownload/39829/bol_meri_gudiya
63,Bombai Shahar Ki,Piya Ka Ghar,1972,Laxmikant Pyarelal,Solo,Male ,Kishor Kumar ,https://www.youtube.com/watch?v=5ywpma1h3GM,http://mymp3song.org/filedownload/17866/bombai_shahar_ki
64,Bye Bye Miss Good Night,Premnagar,1974,S D Barman,Solo,Male ,Kishor Kumar ,https://www.youtube.com/watch?v=KhlUY7VI4Wo,http://mymp3song.org/filedownload/40937/bye_bye_miss_good_night
65,C A T Cat Mane Billi,Dilli Ka Thag,1958,Ravi,Duet,Male& Female,Kishor Kumar&Asha Bhosale,https://www.youtube.com/watch?v=GLVJ_QGcPyE,http://mymp3song.org/filedownload/42204/c_a_t_cat_mane_billi_-_dialogue
66,Chahe Koi Khush Ho,Taxi Driver,1954,S D Barman,Solo,Male,Kishor Kumar &  Corus,https://www.youtube.com/watch?v=c1JCACRMoZ8,http://mymp3song.org/filedownload/14557/chahe_koi_khush_ho
67,Chahe Raho Door Chahe Raho Paas,Do Chor,1972,R D Barman,Duet,Male& Female,Kishor Kumar& Lata Mangeshkar,https://www.youtube.com/watch?v=jzpgRkOjqOg,http://mymp3song.org/filedownload/20422/chahe_raho_door_chahe_raho_paas
68,Chahiye Thoda Pyaar,Lahuke Do Rang,1979,Bappi Lahiri,Solo,Male ,Kishor Kumar ,https://www.youtube.com/watch?v=srfhnpDqZWg,http://mymp3song.org/filedownload/10891/chahiye_thoda_pyaar
69,Chal Dariya Mein Doob Jayen,Prem Kahani,1975,Laxmikant Pyarelal,Duet,Male& Female,Kishor Kumar& Lata Mangeshkar,https://www.youtube.com/watch?v=f5hW1FGNz_0,http://mymp3song.org/filedownload/17885/chal_dariya_mein_doob_jayen
70,Chal Kahin Door Nikal Jaayein,Doosara Aadmi,1977,Rajesh Roshan,Duet,Male& Female,Kishor Kumar& Lata Mangeshkar&Rafi,https://www.youtube.com/watch?v=cN9AVJlp3-g,http://mymp3song.org/filedownload/20363/chal_kahin_door_nikal_jaayein
71,Chal Shuru Ho Ja,Hamjoli,1970,Laxmikant Pyarelal,Duet,Male,Kishor Kumar& Rafi,https://www.youtube.com/watch?v=jAzpVucVHLY,http://mymp3song.org/filedownload/3913/chal_shuru_ho_ja
72,Chala Jata Hoon,Mere Jivan Sathi,1972,R D Barman,Solo,Male ,Kishor Kumar ,https://www.youtube.com/watch?v=6vCbtPN9skk,http://mymp3song.org/filedownload/10630/chala_jata_hoon
73,Chali Re Chali Gori,Mr. X In Bombay,1964,Laxmikant Pyarelal,Duet,Male& Female,Kishor Kumar& Lata Mangeshkar,https://www.youtube.com/watch?v=-2xsALk9nLw,http://mymp3song.org/filedownload/11421/chali_re_chali_gori
74,Chalte Chalte,Chalte Chalte,1976,Bappi Lahiri,Solo,Male ,Kishor Kumar ,https://www.youtube.com/watch?v=H8AyRE5tOIs,http://mymp3song.org/filedownload/3303/chalte_chalte_-_sad
75,Chalti Ka Naam Zindagi ,Chalti Ka Naam Zindagi ,1982,Kishor Kumar,Duet,Male,Kishor Kumar& Mahedra kapur,https://www.youtube.com/watch?v=xv_Bzh_d12E,http://mymp3song.org/filedownload/41374/chalti_ka_naam_zindagi_-_duet
76,Chand Chra Ke Laya Hoon,Devata ,1978,R D Barman,Duet,Male& Female,Kishor Kumar& Lata Mangeshkar,https://www.youtube.com/watch?v=Qs4lWVCEb0A,http://mymp3song.org/filedownload/20360/chand_churake_laya_hoon
77,Chand Chal Tu Zara Dheeme,Who Jo Haseena,1983,Ramlaxamna,Solo,Male ,Kishor Kumar ,https://www.youtube.com/watch?v=40Yq_dyhWuo,http://mymp3song.org/filedownload/43819/chand_chal_tu_zara_dheeme
78,Chand Raat Tum Ho,Half Ticket,1962,Salil Chaudhari,Duet,Male& Female,Kishor Kumar& Lata Mangeshkar,https://www.youtube.com/watch?v=zFO9QvDV3JI,http://mymp3song.org/filedownload/4003/chand_raat_tum_ho
79,Chand Roz Aur Meri Jaan,Sitamgar,1985,R D Barman,Solo,Male ,Kishor Kumar ,https://www.youtube.com/watch?v=s1cROCGDuV8,http://mymp3song.org/filedownload/15360/chand_roz_aur_meri_jaan
80,Chanda O Chanda ,Lakhon Mein Ek,1971,R D Barman,Duet,Male& Female,Kishor Kumar,https://www.youtube.com/watch?v=a55oUxRfLQ4,http://mymp3song.org/filedownload/10909/chanda_o_chanda_-_duet
81,Chandni Chand Se Hoti Hai,Aaj Ka Mahatma,1976,Laxmikant Pyarelal,Duet,Male& Female,Kishor Kumar&Asha Bhosale,https://www.youtube.com/watch?v=5SmUCDMRc8Y,http://mymp3song.org/filedownload/38659/chandni_chand_se_hoti_hai
82,Chandni Raat Mein,Dil-E-Nadaan,1981,Mohammad Zahur Khayyam,Duet,Male& Female,Kishor Kumar& Lata Mangeshkar,https://www.youtube.com/watch?v=E_gnn11Zts4,http://mymp3song.org/filedownload/42767/chandni_raat_mein
83,Chandni Raat Yeh Sanam,Quidi,1984,Bappi Lahiri,Duet,Male& Female,Kishor Kumar&Asha Bhosale,https://www.youtube.com/watch?v=7VARr95wsi8,http://mymp3song.org/filedownload/17609/chandni_raat_yeh_sanam
84,Chandni Tu Hai Kahan,Faasale,1985,Shiv Hari,Duet,Male& Female,Kishor Kumar& Lata Mangeshkar,https://www.youtube.com/watch?v=xNcI9--fuAE,http://mymp3song.org/filedownload/935/chandni_tu_hai_kahan
85,Chapper Phad Ke Deta,Funtoosh,1956,S D Barman,Duet,Male& Female,Kishor Kumar&Asha Bhosale,https://www.youtube.com/watch?v=NoxSwTPneJY,http://mymp3song.org/filedownload/39306/chapper_phad_ke_deta
86,Charu Chandra Ki Chanchal Chitwan,Man Pasand,1980,Rajesh Roshan,Duet,Male& Female,Kishor Kumar& Lata Mangeshkar,https://www.youtube.com/watch?v=DiWE1OLG6sk,http://mymp3song.org/filedownload/10484/charu_chandra_ki_chanchal_chitwan
87,Come Near,Do Gulab,1983,Bappi Lahiri,Duet,Male& Female,Kishor Kumar&Asha Bhosale,https://www.youtube.com/watch?v=6umJyShWmgk,http://mymp3song.org/filedownload/42848/come_near
88,Chhai Ghata Bijli Kadki,Apana Haath Jagannath,1960,S D Barman,Duet,Male& Female,Kishor Kumar&Asha Bhosale,https://www.youtube.com/watch?v=qIDd_KVcZlE,http://mymp3song.org/filedownload/38527/chhai_ghata_bijli_kadki
89,Chhalkao Jhoomke Paimana,Fir Wahi Rat,1980,R D Barman,Solo,Male ,Kishor Kumar ,https://www.youtube.com/watch?v=gGY-YRoJwPY,http://mymp3song.org/filedownload/17900/chhalkao_jhoomke_paimana
90,Chhatri Na Khol Ud Jayegi,Do Jhoot,1975,Shankar Jaikishan,Duet,Male& Female,Kishor Kumar& Usha Mangeshkar,https://www.youtube.com/watch?v=K8PUF4eOhcI,http://mymp3song.org/filedownload/42582/chhatri_na_khol_ud_jayegi
91,Chhedo Na Meri Zulfen,Ganga Ki Laharen,1964,Chandragupt,Duet,Male& Female,Kishor Kumar& Lata Mangeshkar,https://www.youtube.com/watch?v=goA5oQbFFUU,http://mymp3song.org/filedownload/2861/chhedo_na_meri_zulfen
92,Dil Aaj Shayar Hai,Gambler,1971,S D Barman,Solo,Male,Kishor Kumar ,https://www.youtube.com/watch?v=vTQ_qbsz7Dw,http://mymp3song.org/filedownload/2740/dil_aaj_shayar_hai
93,Chhod Do Aanchal Zamana,Paying Gueat,1957,S D Barman,Duet,Male& Female,Kishor Kumar&Asha Bhosale,https://www.youtube.com/watch?v=SuMgYRG3vPU,http://mymp3song.org/filedownload/17736/chhod_do_aanchal_zamana
94,Chhodo Sanam,Kudrat,1981,R D Barman,Duet,Male& Female,Kishor Kumar& Annette Pinto,https://www.youtube.com/watch?v=jw4SSATf0hI,http://mymp3song.org/filedownload/11709/chhodo_sanam
95,Chhoti Si Yeh Duniya ,Rangoli,1961,Shankar Jaikishan,Solo,Male ,Kishor Kumar ,https://www.youtube.com/watch?v=rSkX-xcYxhg,http://mymp3song.org/filedownload/13292/chhoti_si_yeh_duniya_-_male
96,Chhoti Umar Me,Aakraman,1975,Laxmikant Pyarelal,Solo,Male ,Kishor Kumar ,https://www.youtube.com/watch?v=k2d50ZZzTPQ,http://mymp3song.org/filedownload/13273/chhoti_umar_me
97,Chidiya Choon Choon Karti Hai,Jyoti,1981,Bappi Lahiri,Solo,Male ,Kishor Kumar ,https://www.youtube.com/watch?v=WjMxPvONUc8,http://mymp3song.org/filedownload/10262/chidiya_choon_choon_karti_hai
98,Chil Chil Chilla Ke,Half Ticket,1962,Salil Chaudhari,Solo,Male ,Kishor Kumar ,https://www.youtube.com/watch?v=GhFvsgNu-CM,http://mymp3song.org/filedownload/3999/chil_chil_chilla_ke
99,Chingari Koi Bhadke,Amar Prem,1971,R D Barman,Solo,Male ,Kishor Kumar ,https://www.youtube.com/watch?v=kpM0jPd6-7w,http://mymp3song.org/filedownload/14184/chingari_koi_bhadke
100,Choodi Nahin Ye Mera Dil,Gambler,1971,S D Barman,Duet,Male& Female,Kishor Kumar& Lata Mangeshkar,https://www.youtube.com/watch?v=SPy1VYXSrYc,http://mymp3song.org/filedownload/2741/choodi_nahin_ye_mera_dil
101,Chookar Mere Mann Ko,Yaarana,1981,Rajesh Roshan,Solo,Male ,Kishor Kumar ,https://www.youtube.com/watch?v=BOLYNw3x1lE,http://mymp3song.org/filedownload/43900/chookar_mere_mann_ko
102,Dil Kya Chahe,Sanjog,1985,R D Barman,Duet,Male& Female,Kishor Kumar&Asha Bhosale,https://www.youtube.com/watch?v=QnEVxvdPoCY,http://mymp3song.org/filedownload/15471/dil_kya_chahe
103,Chor Tera Naam Hai,Jigar,1984,R D Barman,Duet,Male& Female,Kishor Kumar& Lata Mangeshkar,https://www.youtube.com/watch?v=IsD3dkG-ljo,http://mymp3song.org/filedownload/10218/chor_tera_naam_hai
104,Chori Chori Chupke Chupke,Bullet,1976,R D Barman,Duet,Male& Female,Kishor Kumar&Asha Bhosale,https://www.youtube.com/watch?v=eZQKigjPL8o,http://mymp3song.org/filedownload/5326/chori_chori_chupke_chupke
105,Chori Chori Yoon Jab,Papki Duniya,1988,Bappi Lahiri,Solo,Male ,Kishor Kumar ,https://www.youtube.com/watch?v=TC0vWJA_qYI,http://mymp3song.org/filedownload/41144/chori_chori_yoon_jab
106,Chori Mera Kaam,Chori Mera Kaam,1975,Kalyanji Anandji,Duet,Male& Female,Kishor Kumar&Asha Bhosale,https://www.youtube.com/watch?v=KSwyz2-2N9s,http://mymp3song.org/filedownload/41252/chori_mera_kaam
107,Chot Lagi Kahan Yahaan,Ghar Sansar,1986,Rajesh Roshan,Duet,Male& Female,Kishor Kumar&Asha Bhosale,https://www.youtube.com/watch?v=CmCWXxkmvx8,http://mymp3song.org/filedownload/40620/chot_lagi_kahan_yahaan
108,College Girl I Love You,College Girl,1978,Bappi Lahiri,Solo,Male ,Kishor Kumar ,https://www.youtube.com/watch?v=Z29xQb352Uw,http://mymp3song.org/filedownload/2697/college_girl_i_love_you
109,Chupke Se Dil Dede,Maryada,1971,Kalyanji Anandji,Duet,Male& Female,Kishor Kumar& Lata Mangeshkar,https://www.youtube.com/watch?v=2cC5kw8WJBI,http://mymp3song.org/filedownload/39136/chupke_se_dil_dede
110,Daakiyaa Daak Layaa,Palkon Ki Chhaon Mein,1977,Laxmikant Pyarelal,Duet,Male& Female,Kishor Kumar&Vandana Shastri,https://www.youtube.com/watch?v=u3rOmrDdPz0,http://mymp3song.org/filedownload/40949/daakiyaa_daak_layaa
111,Daal Kaise Gale,Baap Re Baap,1955,O P Nayyar,Solo,Male ,Kishor Kumar ,https://www.youtube.com/watch?v=KQiEohJZSEU,http://mymp3song.org/filedownload/44572/daal_kaise_gale
112,Daal Roti Khao Prabhu Ke Gun Gaao,Jawar Bhata,1973,Laxmikant Pyarelal,Duet,Male& Female,Kishor Kumar& Lata Mangeshkar,https://www.youtube.com/watch?v=fT7vHxsluMM,http://mymp3song.org/filedownload/44255/daal_roti_khao_prabhu_ke_gun_gaao
113,Dil Sachaa Aur Chehra Jhutha,Sachaa Jhoota,1970,Kalyanji Anandji,Solo,Male,Kishor Kumar ,https://www.youtube.com/watch?v=CoN9LbZS27E,http://mymp3song.org/filedownload/15494/dil_sachaa_aur_chehra_jhutha
114,Dariya Kinare Ek Bungla,Sabase bada Rupaiya,1976,Basu Manohari,Duet,Male& Female,Kishor Kumar& Lata Mangeshkar,https://www.youtube.com/watch?v=zZHHVT4CRto,http://mymp3song.org/filedownload/42545/dariya_kinare_ek_bungla
115,Dariya Mein Jahaz Chale,Shan,1980,R D Barman,Duet,Male& Female,Kishor Kumar&Asha Bhosale&Usha Mangeshkar,https://www.youtube.com/watch?v=8UGAWIMFqf8,http://mymp3song.org/filedownload/46840/dariya_mein_jahaz_chale
116,Dariya Mein Phenk Do Chabi,Aas Paas,1980,Laxmikant Pyarelal,Duet,Male& Female,Kishor Kumar& Lata Mangeshkar,https://www.youtube.com/watch?v=cvjtYKraj0c,http://mymp3song.org/filedownload/12613/dariya_mein_phenk_do_chabi
117,Daru Kharab,Guru,1989,Bappi Lahiri,Solo,Male ,Kishor Kumar ,https://www.youtube.com/watch?v=b94CKGY58EM,http://mymp3song.org/filedownload/2500/daru_kharab
118,Daru Ki Botol Mein,Majboor,1974,Laxmikant Pyarelal,Solo,Male ,Kishor Kumar ,https://www.youtube.com/watch?v=k4fJWxyziXk,http://mymp3song.org/filedownload/10598/daru_ki_botol_mein
119,De Bhi Chuke Hum Dil Nazrana,Jaal,1952,S D Barman,Duet,Male& Female,Kishor Kumar& Geeta Dutt,https://www.youtube.com/watch?v=TKmIrlo2r8E,http://mymp3song.org/filedownload/10677/de_bhi_chuke_hum_dil_nazrana
120,De Daru,Karma,1986,Laxmikant Pyarelal,Duet,Male,Kishor Kumar&Mahendra Kapur& Manahar Udhas,https://www.youtube.com/watch?v=Y-hD4otGGfY,http://mymp3song.org/filedownload/11664/de_daru
121,De De Pyaar De ,Sharabi,1984,Bappi Lahiri,Solo,Male ,Kishor Kumar ,https://www.youtube.com/watch?v=oqAhrZ-rg2I,http://mymp3song.org/filedownload/15378/de_de_pyaar_de_-_male
122,Deep Diwali Ke Jhuthe,Jugnu,1973,S D Barman,Duet,Male& Female,Kishor Kumar& Sushma Shresth&Poornima,https://www.youtube.com/watch?v=PlmTKN1HZEs,http://mymp3song.org/filedownload/46739/deep_diwali_ke_jhuthe
123,Deewana Kar Ke Chhodoge,Mere Jivan Sathi,1972,R D Barman,Duet,Male& Female,Kishor Kumar& Lata Mangeshkar,https://www.youtube.com/watch?v=yNxmegDeo-4,http://mymp3song.org/filedownload/10634/deewana_kar_ke_chhodoge
124,Deewana Leke Aaya Hai,Mere Jivan Sathi,1972,R D Barman,Solo,Male ,Kishor Kumar ,https://www.youtube.com/watch?v=l-GyFoVWVjQ,http://mymp3song.org/filedownload/10632/deewana_leke_aaya_hai
125,Dekh Aasman Mein,Shararat,1959,Shankar Jaikishan,Duet,Male& Female,Kishor Kumar& Geeta Dutt,https://www.youtube.com/watch?v=sIDM175qlS4,http://mymp3song.org/filedownload/15638/dekh_aasman_mein
126,Dekh Sakta Hoon -,Majboor,1974,Laxmikant Pyarelal,Solo,Male ,Kishor Kumar ,https://www.youtube.com/watch?v=Lco0aU82M4c,http://mymp3song.org/filedownload/10600/dekh_sakta_hoon_-_male
127,Dekha Ek Khwab,Silsila,1981,Shiv Hari,Duet,Male& Female,Kishor Kumar& Lata Mangeshkar,https://www.youtube.com/watch?v=PXKMymS-f2Y,http://mymp3song.org/filedownload/14983/dekha_ek_khwab
128,Dekha Hai Tumhe,Chorni,1982,Shankar Jaikishan,Solo,Male ,Kishor Kumar ,https://www.youtube.com/watch?v=LKM3cOvewWo,http://mymp3song.org/filedownload/2658/dekha_hai_tumhe
129,Dekha Hai Zindagi Ko,ek Mahal Ho Sapanon Ka,1975,Ravi,Solo,Male ,Kishor Kumar ,https://www.youtube.com/watch?v=32yKIoGCDnk,http://mymp3song.org/filedownload/38408/dekha_hai_zindagi_ko
130,Dekha Na Haye Re,Bombay To Goa,1972,R D Barman,Solo,Male ,Kishor Kumar ,https://www.youtube.com/watch?v=fF3q0_1hwLI,http://mymp3song.org/filedownload/5460/dekha_na_haye_re
131,Dekhe Tujhe Jo Dekhe,Dial 100,1982,Bappi Lahiri,Solo,Male ,Kishor Kumar ,https://www.youtube.com/watch?v=8f7uaNl6dwo,http://mymp3song.org/filedownload/42808/dekhe_tujhe_jo_dekhe
132,Dekho Dekhoji,Naujawan,1951,S D Barman,Duet,Male& Female,Kishor Kumar& Lata Mangeshkar,https://www.youtube.com/watch?v=USKP-5_XoP0,http://mymp3song.org/filedownload/39975/dekho_dekhoji
133,Dekho Hum Donon Ki Yari,Double Cross,1973,R D Barman,Duet,Male,Kishor Kumar& Bhupindar Singh,https://www.youtube.com/watch?v=Wpkb53ALafk,http://mymp3song.org/filedownload/44705/dekho_hum_donon_ki_yari
134,Dekho Idhar Dekho,Phir Wahi Raat,1980,R D Barman,Duet,Male& Female,Kishor Kumar& Aasha Bhosale& Sushma Shresth&Poornima,https://www.youtube.com/watch?v=KQnbYzWpfok,http://mymp3song.org/filedownload/17899/dekho_idhar_dekho
135,Dekho Idhar Janabe Man,Jabardast,1985,R D Barman,Solo,Male ,Kishor Kumar ,https://www.youtube.com/watch?v=qw6USBbFpX8,http://mymp3song.org/filedownload/8107/dekho_idhar_janabe_man
136,Dekho Idhar Jano Jigar,Boxer,1984,R D Barman,Solo,Male ,Kishor Kumar ,https://www.youtube.com/watch?v=VzeMYDtegKs,http://mymp3song.org/filedownload/5030/dekho_idhar_jano_jigar
137,Dekho Mera Janaja Nikla,Mar Mitenge,1988,Laxmikant Pyarelal,Duet,Male& Female,Kishor Kumar& Anuradha Paudwal,https://www.youtube.com/watch?v=0d9EBQdG1IM,http://mymp3song.org/filedownload/39370/dekho_mera_janaja_nikla
138,Dekho O Diwano,Hare Ram Hare Krishna,1971,R D Barman,Solo,Male ,Kishor Kumar ,https://www.youtube.com/watch?v=ifMKm-0C9P8,http://mymp3song.org/filedownload/46489/dekho_o_diwano
139,Dil Se Dil Milne Ka,Chartraheen,1974,R D Barman,Duet,Male& Female,Kishor Kumar& Lata Mangeshkar,https://www.youtube.com/watch?v=GLeXK-9sK8c,http://mymp3song.org/filedownload/46008/dil_se_dil_milne_ka
140,Dekho Veer Jawano,Aakraman,1975,Laxmikant Pyarelal,Solo,Male ,Kishor Kumar ,https://www.youtube.com/watch?v=3pgkcR-mqQ4,http://mymp3song.org/filedownload/13271/dekho_veer_jawano
141,Dekho Yeh Mere Bandhe Haath,Bandhe Haath,1973,R D Barman,Solo,Male ,Kishor Kumar ,https://www.youtube.com/watch?v=oId_DDDK2PQ,http://mymp3song.org/filedownload/5443/dekho_yeh_mere_bandhe_haath
142,Dekhta Hoon Koi Ladki Haseen,Sanam Teri Kasam,1982,R D Barman,Solo,Male,Kishor Kumar ,https://www.youtube.com/watch?v=p4DW35zKCM8,http://mymp3song.org/filedownload/14960/dekhta_hoon_koi_ladki_haseen
143,Des Chhudaye Bhes Chhudaye,Chacha Zindabad,1959,Madan Mohan,Solo,Male,Kishor Kumar ,https://www.youtube.com/watch?v=P3_02gbdhXk,http://mymp3song.org/filedownload/3744/des_chhudaye_bhes_chhudaye
144,Deva Ho Deva,Ilaaka,1989,Nadim Shravan,Duet,Male& Female,Kishor Kumar&Asha Bhosale,https://www.youtube.com/watch?v=fI5lSPzg3qk,http://mymp3song.org/filedownload/38079/deva_ho_deva
145,Devi O Baby Tu Banja,Maqsad,1984,Kalyanji Anandji,Solo,Male,Kishor Kumar ,https://www.youtube.com/watch?v=_58ejJFQh30,http://mymp3song.org/filedownload/56227/devi_o_baby_tu_banja
146,Devta Mana Aur Pooja,Albela,1971,Shankar Jaikishan,Duet,Male& Female,Kishor Kumar& Lata Mangeshkar,https://www.youtube.com/watch?v=7gaJLN3Gug0,http://mymp3song.org/filedownload/38591/devta_mana_aur_pooja
147,Dhal Gayi Rang Mein Teri,Hiralal Pannalal,1978,R D Barman,Duet,Male& Female,Kishor Kumar&Asha Bhosale,https://www.youtube.com/watch?v=VHs7zxz2FR0,http://mymp3song.org/filedownload/43816/dhal_gayi_rang_mein_teri
148,Dheere Dheere Naach,Bhola Bhala,1978,R D Barman,Solo,Male,Kishor Kumar ,https://www.youtube.com/watch?v=-rd2ULITSUs,http://mymp3song.org/filedownload/5306/dheere_dheere_naach
149,Dhoondha Tujhe Lakhon Me,Putalibai,1971,Jai Kumar,Solo,Male,Kishor Kumar ,https://www.youtube.com/watch?v=6q3suelPS6Y,http://mymp3song.org/filedownload/40918/dhoondha_tujhe_lakhon_me
150,Dhoop Mein Nikla Na Karo,Giraftar,1985,Bappi Lahiri,Duet,Male& Female,Kishor Kumar&Asha Bhosale,https://www.youtube.com/watch?v=PJ9BkonDfUo,http://mymp3song.org/filedownload/2555/dhoop_mein_nikla_na_karo
151,Dil Se Mile Dil,Dil Se Mile Dil,1978,Bappi Lahiri,Solo,Male,Kishor Kumar,https://www.youtube.com/watch?v=dk4FgDWaMjU,http://mymp3song.org/filedownload/42625/dil_se_mile_dil
152,Dil Tera Hai Main Bhi Teri Hoon,Bombay To Goa,1972,R D Burman,Duet,Male& Female,Kishor Kumar& Lata Mangeshkar,https://www.youtube.com/watch?v=5hR2b__EhKw,http://mymp3song.org/filedownload/5459/dil_tera_hai_main_bhi_teri_hoon
153,Dilbar Mere Kab Tak Muze,Satte Pe Satta,1982,R D Burman,Duet,Male& Female,Kishor Kumar& Annette Pinto,https://www.youtube.com/watch?v=aFxEmdEtBN0,http://mymp3song.org/filedownload/14971/dilbar_mere_kab_tak
154,Dillagi Ne Di Hawa,Dostana,1980,laxmikant Pyarelal,Duet,Male& Female,Kishor Kumar&Asha Bhosale,https://www.youtube.com/watch?v=bpujSEAZhhc,http://mymp3song.org/filedownload/42691/dillagi_ne_di_hawa
155,Dilwale Aaye Hai,Fifty Fifty,1981,laxmikant Pyarelal,Solo,Male,Kishor Kumar,https://www.youtube.com/watch?v=dl5jb4iRUxA,http://mymp3song.org/filedownload/954/dilwala_aaya_hai
156,Din Jawani Ke Char Yar,Pyar Kiya Ja,1966,laxmikant Pyarelal,Solo,Male,Kishor Kumar,https://www.youtube.com/watch?v=UoGtKhvaomY,http://mymp3song.org/filedownload/40883/din_jawani_ke_chaar
157,Din Mahine Sal,Avtaar,1983,lakshmikant Pyarelal,Duet,Male& Female,Kishor Kumar& Lata Mangeshkar,https://www.youtube.com/watch?v=NTf_QWVAEY8,http://mymp3song.org/filedownload/12306/din_mahine_saal
158,Disco 82,Khuddar,1982,Rajesh Roshan,Duet,Male& Female,Kishor Kumar& Lata Mangeshkar,https://www.youtube.com/watch?v=_iZIGeFLi5s,http://mymp3song.org/filedownload/11702/disco_82
159,Diwana Main Hoon Tera,Ruksat,1988,Kalyanji Aanandji,Solo,Male,Kishor Kumar,https://www.youtube.com/watch?v=nxbCYjqxnI4,http://mymp3song.org/filedownload/41653/diwana_main_hoon_tera
160,Diye Jalte Hai,Namak Haram,1973,R D Burman,Solo,Male,Kishor Kumar,https://www.youtube.com/watch?v=Ti5SNrWxftE,http://mymp3song.org/filedownload/12762/diye_jalte_hain
161,Do Panchhi  Do Tinke,Tapasya,1975,Ravindra Jain,Duet,Male& Female,Kishor Kumar& Aarti Mukharji,https://www.youtube.com/watch?v=HDXjrfVPXtI,http://mymp3song.org/filedownload/14015/do_panchhi_do_tinke
162,Duriyaa Nazdikiyan ban Gayi,Duriya,1968,Shankar Jaykishan,Duet,Male& Female,Kishor Kumar&Asha Bhosale,https://www.youtube.com/watch?v=7jRVIT5Tpj8,http://mymp3song.org/filedownload/42469/dooriyan_nazdikiyan_ban_gayi
163,Dosaton Ko Salam,Rocky,1981,R D Burman,Solo,Male,Kishor Kumar,https://www.youtube.com/watch?v=w1r8XJeQsks&spfreload=10,http://mymp3song.org/filedownload/12811/doston_ko_salaam
164,Dream Girl,Dream Girl,1977,laxmikant Pyarelal,Solo,Male,Kishor Kumar,https://www.youtube.com/watch?v=okQ-hUubqJU,http://mymp3song.org/filedownload/20376/dream_girl
165,Dukhi Man Mere,Funtoosh,1956,S D Burman,Solo,Male,Kishor Kumar,https://www.youtube.com/watch?v=EO5p467Yix8,http://mymp3song.org/filedownload/39315/dukhi_man_mere
166,Dukki Pe Dukki Ho,Satte Pe Satta,1972,R D Burman,Duet,Male& Female,Kishor Kumar&Asha Bhosale& R D Burman,https://www.youtube.com/watch?v=lF926PJ30LQ,http://mymp3song.org/filedownload/14970/dukki_pe_dukki_ho
167,Do Baate Pyar Bhari Kar Loon,Aankhon Aankhon Mein ,1982,Shankar Jaykishan,Duet,Male& Female,Kishor Kumar&Asha Bhosale,https://www.youtube.com/watch?v=9IYo4VAY6FA,http://mymp3song.org/filedownload/38596/do_baaten_pyar_bhari_kar_loon
168,Dulha Dulhan Ki Jodi,Nastik,1983,Kalyanji Aanandji,Solo,Male,Kishor Kumar,https://www.youtube.com/watch?v=JSBbstuM9t0,http://mymp3song.org/filedownload/11972/dulha_dulhan_ki_jodi
169,Duniya Bahut Hi Kamal hai,Duniya ,1984,R D Burman,Solo,Male,Kishor Kumar,https://www.youtube.com/watch?v=LxXaLispvRA,http://mymp3song.org/filedownload/20303/duniya_bahut_hi_kamaal_hai
170,Dum Tumhari Dum,Zaharila Insaan,1974,R D Burman,Solo,Male,Kishor Kumar,https://www.youtube.com/watch?v=4Jyn63XuCe8,http://mymp3song.org/filedownload/46913/dum_tumhari_dum
171,Duniya Dushman,Dilwala,1986,Bappi Lahiri,Solo,Male,Kishor Kumar,https://www.youtube.com/watch?v=G0vkrMhQBWY,http://mymp3song.org/filedownload/20296/duniya_dushman
172,Duniya Faani Baheta Paani,Chalaak,1972,Ganesh,Duet,Male& Female,Kishor Kumar&Asha Bhosale,https://www.youtube.com/watch?v=89b8INnJkhw,http://mymp3song.org/filedownload/3577/duniya_faani_bahta_paani
173,Duniya Muzase Kahati hai,Kahani Kismat Ki,1973,Kalyanji Aanandji,Solo,Male,Kishor Kumar,https://www.youtube.com/watch?v=-meMABQenN0,http://mymp3song.org/filedownload/12026/duniya_mujhse_kehti_hai
174,Duniyane Muze Tadapaya,Vishawanath,1978,Rajesh Roshan,Duet,Male& Female,Kishor Kumar& Lata Mangeshkar,https://www.youtube.com/watch?v=-McPhH3VdBw,http://mymp3song.org/filedownload/7662/duniya_ne_mujhe_tadpaya
175,Duniya O Duniya Tera,Naya Jamana,1971,S D Burman,Solo,Male,Kishor Kumar,https://www.youtube.com/watch?v=1PrBHeXfIVk,http://mymp3song.org/filedownload/40180/duniya_o_duniya_tera
176,Ee Hai bambai Nagariya,Don,1978,Kalyanji Aanandji,Solo,Male,Kishor Kumar,https://www.youtube.com/watch?v=ebIVzPU0NlQ,http://mymp3song.org/filedownload/20346/ee_hai_bambay_nagaria
177,Eena Meena Dika,Aasha,1957,C Ramchandra,Solo,Male,Kishor Kumar,https://www.youtube.com/watch?v=Se1EZCE_zLo,http://mymp3song.org/filedownload/13629/eena_meena_deeka_-_male
178,Ek Aankh Maru Toh,Tohafa,1984,Bappi Lahiri,Duet,Male& Female,Kishor Kumar&Asha Bhosale,https://www.youtube.com/watch?v=idoUsKylrR0&spfreload=10,http://mymp3song.org/filedownload/13738/ek_aankh_marun_toh
179,Ek Ajanabee Hasina Se ,Ajanabee,1974,R D Burman,Solo,Male,Kishor Kumar,https://www.youtube.com/watch?v=LgKueB7fCzs,http://mymp3song.org/filedownload/14100/ek_ajnabee_haseena_se
180,Ek Baar Muskura do,Ek Baar Muskura do,1972,O P Nayyar,Duet,Male& Female,Kishor Kumar&Asha Bhosale,https://www.youtube.com/watch?v=rH-Q4lJ8444,http://mymp3song.org/filedownload/648/ek_baar_muskura_do
181,Ek Chatur Naar Karake Singar,Padosan,1968,R D Burman,Duet,Male,Kishor Kumar&Manna Dey& Mahamood,https://www.youtube.com/watch?v=9HwrMGpFaik,http://mymp3song.org/filedownload/17809/ek_chatur_naar_karke_sringar
182,Ek Chhokariya,Heera,1973,Kalyanji Aanandji,Duet,Male& Female,Kishor Kumar& Ashabhosale& Mulkri&usha Khanna,https://www.youtube.com/watch?v=XiS7zi_JSxw,http://mymp3song.org/filedownload/3680/ek_chhokariya
183,Ek Dhoondho Milte Hai Hajaron,Pyara Dushman,1980,Bappi Lahiri,Duet,Male& Female,Kishor Kumar&Asha Bhosale,https://www.youtube.com/watch?v=DoFXbSaHvFk,http://mymp3song.org/filedownload/40955/ek_dhoondho_milte_hain_hazaron
184,Ek Din Bik Jayega,Dharam Karam,1975,R D Burman,Duet,Male& Female,Kishor Kumar&Mukesh& Sushma Shresthi& Poornima,https://www.youtube.com/watch?v=Mr-kpEgpfDg,http://mymp3song.org/filedownload/20401/ek_din_bik_jaayega
185,Ek Din Sapaneme Dekha Sapanaa,Golmal,1979,R D Burman,Duet,Male,Kishor Kumar&Amit Kumar,https://www.youtube.com/watch?v=m7_LfG-xxOk,http://mymp3song.org/filedownload/2630/ek_din_sapne_mein_dekha_sapna
186,Ek Ek Do Do,Mavali,1983,Bappi Lahiri,Duet,Male& Female,Kishor Kumar&Asha Bhosale,https://www.youtube.com/watch?v=hWXprEotT2o,http://mymp3song.org/filedownload/39221/ek_ek_do_do
187,Ek Ek Ho Jaye Phir Ghar Chale jana,Ganga Jamana Saraswati,1988,Annu Malik,Duet,Male,Kishor Kumar& Pankaj Udhas,https://www.youtube.com/watch?v=3wOlcOMrYZ8,http://mymp3song.org/filedownload/2542/ek_ek_ho_jaaye_phir_ghar_chale_jaana
188,Ek haseena Thi,Karj,1980,laxmikant Pyarelal,Duet,Male& Female,Kishor Kumar&Asha Bhosale& Rishi Kapur,https://www.youtube.com/watch?v=JxZk_9AEwiU,http://mymp3song.org/filedownload/11919/ek_haseena_thi
189,Ek Ladki Bhigi Bhagi si,Chalti Ka Nam gadi,1958,S D Burman,Solo,Male,Kishor Kumar,https://www.youtube.com/watch?v=mxYNdy-0CEs,http://mymp3song.org/filedownload/3757/ek_ladki_bheegi_bhagi_si
190,Ek Main Aur Ek Tu,Khe khel Mein,1975,R D Burman,Duet,Male& Female,Kishor Kumar&Asha Bhosale,https://www.youtube.com/watch?v=XeKU6gAqF70,http://mymp3song.org/filedownload/12010/ek_main_aur_ek_tu
191,Ek Mutthi Aasaman,Ek Mutthi Aasaman,1973,Madan Mohan,Solo,Male,Kishor Kumar,https://www.youtube.com/watch?v=lIOhSl9CDsw,http://mymp3song.org/filedownload/38404/ek_mutthi_aasman
192,Ek Nahin Do Nahin,Biwi O Biwi,1981,R D Burman,Duet,Male& Female,Kishor Kumar& Lata Mangeshkar,https://www.youtube.com/watch?v=s_IzgdEiaY4,http://mymp3song.org/filedownload/5244/ek_nahin_do_nahin
193,Pyar ko Chahiye kya Ek najar,Ek Najar,1972,S D Burman,Solo,Male,Kishor Kumar,https://www.youtube.com/watch?v=YR1TofZXiJE,http://mymp3song.org/filedownload/660/ek_nazar
194,Ek Paheli Hai Tu,Heera Panna,1973,R D Burman,Duet,Male& Female,Kishor Kumar&Asha Bhosale,https://www.youtube.com/watch?v=K9idBwrh8-s,http://mymp3song.org/filedownload/3875/ek_paheli_hai_tu
195,Ek  Rasta Do Rahi,Ram Balram,1980,laxmikant Pyarelal,Duet,Male,Kishor Kumar& Mahammad Rafi,https://www.youtube.com/watch?v=7MVBflxV_JM,http://mymp3song.org/filedownload/12852/ek_rasta_do_rahi
196,Ek Rutu Aaye Ek Rutu Jaye,Gautam Govinda,1979,laxmikant Pyarelal,Solo,Male,Kishor Kumar,https://www.youtube.com/watch?v=rel4AwzxyTA,http://mymp3song.org/filedownload/40596/ek_ritu_aaye_ek_ritu_jaye
197,Ek Roj main Tadapkar,Bemisal,1982,R D Burman,Solo,Male,Kishor Kumar,https://www.youtube.com/watch?v=AmQHiMk_Qxw,http://mymp3song.org/filedownload/5232/ek_roz_main_tadapkar
198,Ek Sawal hai,Bhut Bungala,1965,R D Burman,Solo,Male,Kishor Kumar,https://www.youtube.com/watch?v=sIkg9P8ZxMQ,http://mymp3song.org/filedownload/5529/ek_sawaal_hai
199,Ga Ga Ga Gayeja,Professor Pyarelal,1981,Kalyanji Aanandji,Solo,Male,Kishor Kumar,https://www.youtube.com/watch?v=Y5cK46vEFHg,http://mymp3song.org/filedownload/17913/ga_ga_ga_gayeja_-_male
200,Gadi Bula Rahi Hai,Dost ,1974,laxmikant Pyarelal,Solo,Male,Kishor Kumar,https://www.youtube.com/watch?v=i46jlVrrwdQ,http://mymp3song.org/filedownload/20404/gaadi_bula_rahi_hai
201,Gata Rahe Mera dil,Guide,1965,S D Burman,Duet,Male& Female,Kishor Kumar& Lata Mangeshkar,https://www.youtube.com/watch?v=r_okjIlatAw,http://mymp3song.org/filedownload/2809/gaata_rahe_mera_dil
202,Gali gali shor,Aar Par,1985,R D Burman,Solo,Male,Kishor Kumar,https://www.youtube.com/watch?v=eKrnhZgTYI0,http://mymp3song.org/filedownload/12236/gali_gali_shor
203,Galiyon Galiyon,Swami Dada,1982,R D Burman,Duet,Male&Female,Kishor Kumar& Lata Mangeshkar,https://www.youtube.com/watch?v=lgSJBBuWH20,http://mymp3song.org/filedownload/14955/galiyon_galiyon
204,Gana Na Aaya,Miss Mary,1957,Hemant Kumar,Solo,Male,Kishor Kumar,https://www.youtube.com/watch?v=PvlFaKKvRLk,http://mymp3song.org/filedownload/11505/gana_na_aaya
205,Ganga Ghat ka Pani Piya Hai,Ponga Pandit,1975,laxmikant Pyarelal,Solo,Male,Kishor Kumar,https://www.youtube.com/watch?v=v2bqp81-O5Y,http://mymp3song.org/filedownload/40945/ganga_ghat_ka_pani_piya_hai
206,Gao Senorita Geet Pyar Ke,Nikamma,1983,R D Burman,Duet,Male&Female,Kishor Kumar& Asha Bhosale& Mahahmad Rafi,https://www.youtube.com/watch?v=wzoQSfHfuPw,http://mymp3song.org/filedownload/12162/gao_senorita_geet_pyar_ke
207,Gaon Galiyon Fulo Kaliyon,Bezubaan,1982,Ramlaxaman,Duet,Male&Female,Kishor Kumar& Asha Bhosale ,https://www.youtube.com/watch?v=l1DcVtKqngE,http://mymp3song.org/filedownload/40007/gaon_galiyon
208,Gaon Mein Mach Gaya Shor,Dakait,1987,R D Burman,Duet,Male&Female,Kishor Kumar& Asha Bhosale & Suresh Wadkar,https://www.youtube.com/watch?v=BPx3Cy3Itys,http://mymp3song.org/filedownload/20288/gaon_mein_mach_gaya_shor
209,Gayi Kam Se Gayi ye Ladki,Anjane Mein,1978,Kalyanji Aanandji,Solo,Male,Kishor Kumar,https://www.youtube.com/watch?v=GeagzD2eFQ4,http://mymp3song.org/filedownload/12936/gayi_kaam_se_gayi_ye_ladki
210,Ge Ge Geli Zara Timbaktu Kathamandu,Jhomroo,1961,Kishor Kumar,Solo,Male,Kishor Kumar,https://www.youtube.com/watch?v=Qq7Z1ftlAYo,http://mymp3song.org/filedownload/44151/ge_ge_geli_zara_timbaktu_kathmandu
211,Geet Gata Hoon Main,Lal Patthar,1971,Shankar Jaykishan,Solo,Male,Kishor Kumar,https://www.youtube.com/watch?v=Ays7xJK8UF8,http://mymp3song.org/filedownload/38333/geet_gata_hoon_main
212,Ghere Halke Halke Ghere,Duniya ,1984,R D Burman,Duet,Male&Female,Kishor Kumar& Lata Mangeshkar,https://www.youtube.com/watch?v=aWCh09Lb2N0,http://mymp3song.org/filedownload/20302/gehre_halke_halke_gehre
213,Gham Ka Phasana,Manchali,1973,laxmikant Pyarelal,Duet,Male&Female,Kishor Kumar &Leena Chandavarkar,https://www.youtube.com/watch?v=VzYy290I3No,http://mymp3song.org/filedownload/10603/gham_ka_fasana
214,Gharse Chali Thi Main,Ghazab,1982,laxmikant Pyarelal,Duet,Male&Female,Kishor Kumar& Lata Mangeshkar,https://www.youtube.com/watch?v=qn60uJt6ecA,http://mymp3song.org/filedownload/18061/ghar_se_chali_thi_main
215,Ghungaroo ki Tarah Bajata Hi Raha ,Chor Machaye Shor,1974,Ravindra Jain,Solo,Male,Kishor Kumar,https://www.youtube.com/watch?v=SRY4oEWaYsk,http://mymp3song.org/filedownload/3332/ghunghroo_ki_tarah_bajta_hi_raha
216,Gir Gaya Zumka Girne Do,Jugnu,1973,S D Burman,Duet,Male&Female,Kishor Kumar& Lata Mangeshkar,https://www.youtube.com/watch?v=aW2qKjPb5ik,http://mymp3song.org/filedownload/10362/gir_gaya_jhumka_girne_do
217,Gokul Ki Galiyonka Gwala,Raste Pyar Ke,1982,laxmikant Pyarelal,Duet,Male&Female,Kishor Kumar& Asha Bhosale & Usha Mangeshkar,https://www.youtube.com/watch?v=toJiC53PGiE,http://mymp3song.org/filedownload/12803/gokul_ki_galiyon_ka_gwala
218,Goli Andar Dam Bahar,Pyar Mohabbat,1988,laxmikant Pyarelal,Duet,Male,Kishor Kumar&Laxmikant&Mahamad Ali Mahamood,https://www.youtube.com/watch?v=_-YBQ5s_RNU,http://mymp3song.org/filedownload/41165/goli_andar_dam_bahar
219,Goom Hai Kisike Pyar mein,Rampur Ka Lakshman,1972,R D Burman,Duet,Male&Female,Kishor Kumar& Lata Mangeshkar,https://www.youtube.com/watch?v=sPiOMuvzSI8,http://mymp3song.org/filedownload/12983/goom_hai_kisi_ke_pyar_mein
220,Hum The Who Thi,Chalti Ka Naam Gaadi ,1958,S D Burman,Solo,Male,Kishor Kumar,https://www.youtube.com/watch?v=k7S79fOgikc,http://mymp3song.org/filedownload/184/hum_the_woh_thi
221,Gore Rang Pe Na Itana,Roti,1974,laxmikant Pyarelal,Duet,Male&Female,Kishor Kumar& Lata Mangeshkar,https://www.youtube.com/watch?v=3Iz6imkVUTc,http://mymp3song.org/filedownload/46585/gore_rang_pe_na_itna
222,Gori Gori Gaon Ki Gori Re,Ye Gulistan Hamara,1972,S D Burman,Duet,Male&Female,Kishor Kumar& Lata Mangeshkar,https://www.youtube.com/watch?v=J27QkCAc4FU,http://mymp3song.org/filedownload/43885/gori_gori_gaon_ki_gori_re
223,Gori Ho Kali Ho,Biwi O Biwi,1981,R D Burman,Solo,Male,Kishor Kumar,https://www.youtube.com/watch?v=kk65DaSlvCQ,http://mymp3song.org/filedownload/5243/gori_ho_kali_ho
224,Gori Tere Ang Ang Mein,Tohafa,1984,Bappi Lahiri,Duet,Male&Female,Kishor Kumar& Asha Bhosale ,https://www.youtube.com/watch?v=C4pSK-8CW5M,http://mymp3song.org/filedownload/13736/gori_tere_ang_ang_main
225,Gori Teri Javani Pe,Kalakar,1983,Kalyanji Aanandji,Solo,Male,Kishor Kumar,https://www.youtube.com/watch?v=7FS9HV8IxnU,http://mymp3song.org/filedownload/11694/gori_teri_jawani_pe
226,Goriya Hamen Jeena Teri Gali Mein,Pyara Dushman,1980,Bappi Lahiri,Duet,Male&Female,Kishor Kumar& Asha Bhosale ,https://www.youtube.com/watch?v=uzoXtxUiobw,http://mymp3song.org/filedownload/40953/goriya_hamen_jeena_teri_gali_mein
227,Gulmoharr Gar Tumhara Nam Hota,Devata,1978,R D Burman,Duet,Male&Female,Kishor Kumar& Lata Mangeshkar,https://www.youtube.com/watch?v=I6Muu4qI6bs,http://mymp3song.org/filedownload/20359/gulmohar_gar_tumhara_naam_hota
228,Gumsum Si Khoi Khoi,Badalte Rishte,1978,laxmikant Pyarelal,Duet,Male&Female,Kishor Kumar& Anuradha Paudwal,https://www.youtube.com/watch?v=pTBNI_JY9kc,http://mymp3song.org/filedownload/5297/gumsum_si_khoi_khoi
229,Guni Jano Bhakt Jano,Aasoon Aur Muskan,1970,Kalyanji Aanandji,Solo,Male,Kishor Kumar,https://www.youtube.com/watch?v=Etx0Y5YmACs,http://mymp3song.org/filedownload/14203/guni_jano_bhakt_jano
230,Gussa Chhodh Di Na Tod,Maqsad,1984,Bappi Lahiri,Solo,Male,Kishor Kumar,https://www.youtube.com/watch?v=MGg-HsXtJU0,http://mymp3song.org/filedownload/56224/gussa_chhodh_dil_na_tod
231,Gussa Itana Haseen Hai To,Maryada,1971,Kalyanji Aanandji,Solo,Male,Kishor Kumar,https://www.youtube.com/watch?v=VzYY4ZXNSS8,http://mymp3song.org/filedownload/39134/gussa_itna_haseen_hai_to
232,Ha Paheli Bar Ek Ladki Mera,Aur Kaun,1979,Bappi Lahiri,Solo,Male,Kishor Kumar,https://www.youtube.com/watch?v=7FjPF_92sUo,http://mymp3song.org/filedownload/12755/ha_pehli_baar_ek_ladki_mera
233,Hal Chal Thik Thak Hai,Mere Apne,1971,Salil Chaudhari,Duet,Male,Kishor Kumar& Mukesh,https://www.youtube.com/watch?v=NykVp7qG_Ss,http://mymp3song.org/filedownload/10696/haal_chaal_thik_thak_hai
234,Hal Kaisa Hai Janab ka,Chalti Ka Nam gadi,1958,S D Burman,Duet,Male&Female,Kishor Kumar& Asha Bhosale ,https://www.youtube.com/watch?v=bFPDaDoruTY,http://mymp3song.org/filedownload/3756/haal_kaisa_hai_janab_ka
235,Hal Kya Hai Dilon Ka,Anokhi Ada,1973,laxmikant Pyarelal,Solo,Male,Kishor Kumar,https://www.youtube.com/watch?v=jTT05JiYkiw,http://mymp3song.org/filedownload/14114/haal_kya_hai_dilon_ka
236,Hal Tujhe Apni Duniya Ka,Aasha ,1957,C Ramchandra,Solo,Male,Kishor Kumar,https://www.youtube.com/watch?v=bKOeMFRNopU,http://mymp3song.org/filedownload/13631/haal_tujhe_apani_duniya_ka
237,Haay Kya Soch Rahi Ho,Meri Aawaj Suno,1981,laxmikant Pyarelal,Duet,Male&Female,Kishor Kumar& Asha Bhosale ,https://www.youtube.com/watch?v=7Vo7KDFyLrA,http://mymp3song.org/filedownload/56232/haay_kya_soch_rahi_ho
238,Halke Se Kasak Masak,Amar Deep,1979,laxmikant Pyarelal,Duet,Male&Female,Kishor Kumar& Lata Mangeshkar,https://www.youtube.com/watch?v=kZifvOxamcs,http://mymp3song.org/filedownload/12774/halkese_kasak_masak
239,Ham Lafange Hai,Lafange,1975,laxmikant Pyarelal,Solo,Male,Kishor Kumar,https://www.youtube.com/watch?v=7KnAwodlxCs,http://mymp3song.org/filedownload/38339/ham_lafange_hain
240,Hamara Nam Banarasi Babu,Banarasi Babu,1973,laxmikant Pyarelal,Solo,Male,Kishor Kumar,https://www.youtube.com/watch?v=_WedMrdzhrs,http://mymp3song.org/filedownload/5420/hamara_naam_banarasi_babu
241,Hamare Sang Sang Chale Ganga Ki Lahare,Ganga Ki Lahare,1964,Chitragupt,Duet,Male&Female,Kishor Kumar& Lata Mangeshkar,https://www.youtube.com/watch?v=JKnEaLR5zW8,http://mymp3song.org/filedownload/2859/hamare_sang_sang_chale_ganga_ki_lahren
242,Hum to aap ke divane hai,Aap Ke Diwane,1979,Rajesh Roshan,Duet,male,Kishor Kumar& Amit Kumar,https://www.youtube.com/watch?v=jSbjpHbO928,http://mymp3song.org/filedownload/12605/hum_to_aap_ke_deewane_hain
243,Hum to Muhobbat Karega,Dilli Ka Thag,1958,Ravi ,Solo,Male,Kishor Kumar,https://www.youtube.com/watch?v=xA2MIc2rAa4,http://mymp3song.org/filedownload/42202/hum_to_mohabbat_karega
244,Hamrahi Manjil Ke Aao Chale,Anokha Daan,1972,Salil Chaudhari,Solo,Male,Kishor Kumar,https://www.youtube.com/watch?v=QnwqGwmm0mY,http://mymp3song.org/filedownload/38603/hamrahi_manzil_ke_aao_chale
245,Hans Ke Pukar,parachhaiyan,1972,R D Burman,Duet,Male&Female,Kishor Kumar& Lata Mangeshkar,https://www.youtube.com/watch?v=B4lWZ9KkNJ0,http://mymp3song.org/filedownload/40923/hans_ke_pukar
246,Hasten Jana Tum,Do Quidi,1989,laxmikant Pyarelal,Solo,Male,Kishor Kumar,https://www.youtube.com/watch?v=h0hpI4ype9A,http://mymp3song.org/filedownload/43128/hanste_jana_tum
247,Har Chori rani Hiya,Mahan ,1983,R D Burman,Solo,Male,Kishor Kumar,https://www.youtube.com/watch?v=NjN0dhh5aq4,http://mymp3song.org/filedownload/10412/har_chori_rani_hiya
248,Har Haseen Cheez Ka,Saudagar,1973,Ravindra Jain,Solo,Male,Kishor Kumar,https://www.youtube.com/watch?v=d3qPBMdobAc,http://mymp3song.org/filedownload/15448/har_haseen_cheez_ka
249,Har Koi Chahata Hai,EkMutthi Aasaman,1973,Madan Mohan,Solo,Male,Kishor Kumar,https://www.youtube.com/watch?v=lIOhSl9CDsw,http://mymp3song.org/filedownload/38401/har_koi_chahta_hai
250,hasino ki ye Shaam hai,Aan Aur Shaan,1984,R D Burman,Duet,Male &Chorus,Kishor Kumar,https://www.youtube.com/watch?v=Ra5Z_Gb5kh8,http://mymp3song.org/filedownload/12299/hasino_ki_yeh_shaam_hai
251,Hasarat Hi Rahi Hamse Bhi Kabhi,Bombay Ka Chor,1962,Ravi ,Solo,Male,Kishor Kumar,https://www.youtube.com/watch?v=SLC4saJRlSA,http://mymp3song.org/filedownload/8538/hasrat_hi_rahi_humse_bhi_kabhi
252,Hat Ja Babu Nahi to Uda dunga,Khud-Daar,1982,Rajesh Roshan,Solo,Male,Kishor Kumar,https://www.youtube.com/watch?v=7wJcKSpcOLg,http://mymp3song.org/filedownload/11701/hat_ja_bajoo_nahin_to_uda_doonga
253,Hum Tumse Mile ,Rocky,1981,R D Burman,Duet,Male&Female,Kishor Kumar& Lata Mangeshkar,https://www.youtube.com/watch?v=WBVfGXj6o_c,http://mymp3song.org/filedownload/12807/hum_tumse_mile
254,Hawa Pichhale Pahar,Naya Andaj,1956,O P Nayyar,Solo,Male,Kishor Kumar,https://www.youtube.com/watch?v=1Ma-4DMGkcY,http://mymp3song.org/filedownload/40035/hawa_pichhle_pahar
255,Hawaaon Pe Likh Do,Do Duni Char,1968,Hemant Kumar,Solo,Male,Kishor Kumar,https://www.youtube.com/watch?v=q7qWj3nnwRA,http://mymp3song.org/filedownload/42455/hawaaon_pe_likh_do
256,Hay Hay Yeh Nigahen,Paying Gust,1957,S D Burman,Solo,Male,Kishor Kumar,https://www.youtube.com/watch?v=3EoQ0XqOp3s,http://mymp3song.org/filedownload/17734/hay_hay_yeh_nigahen
257,Hay Re Hay Re Ye Dil Mera,Bada Kabutar,1973,R D Burman,Duet,Male&Female,Kishor Kumar& Asha Bhosale ,https://www.youtube.com/watch?v=-_lZ5Bn4rLo,http://mymp3song.org/filedownload/5392/hay_re_hay_re_yeh_dil_mera
258,Haye Rama Haye Rama,Majaal,1987,Bappi Lahiri,Duet,Male&Female,Kishor Kumar& Asha Bhosale ,https://www.youtube.com/watch?v=_cXRTu_C4P4,http://mymp3song.org/filedownload/10323/haye_rama_haye_rama
259,Haye Re Haye tera Ghungta,Dhongee,1979,R D Burman,Duet,Male&Female,Kishor Kumar& Asha Bhosale ,https://www.youtube.com/watch?v=H0iG8xZ6ysY,http://mymp3song.org/filedownload/42647/haye_re_haye_tera_ghunghta
260,Hazaar Rahen MudKe Dekhin,Thodisi Bewafai,1980,Khayyam,Duet,Male&Female,Kishor Kumar& Lata Mangeshkar,https://www.youtube.com/watch?v=4uvmfa2B3Iw,http://mymp3song.org/filedownload/13871/hazaar_rahen_mud_ke_dekhin
261,He Gori Banke Chhori,Badhati Ka Nam Dadhi,1974,Kishor Kumar,Solo,Male,Kishor Kumar,https://www.youtube.com/watch?v=5ZQaPnI6_g4,http://mymp3song.org/filedownload/39870/he_gori_banki_chhori
262,He Jhoome re Jhoome Dil Mera,Jhoomroo,1961,Kishor Kumar,Duet,Male&Female,Kishor Kumar& Asha Bhosale ,https://www.youtube.com/watch?v=2z1XIRQ5jzc,http://mymp3song.org/filedownload/44149/he_jhoome_re_jhoome_dil_mera
263,He re Kanhaiya,Chhoti bahu,1971,Kalyanji Aanandji,Solo,Male,Kishor Kumar,https://www.youtube.com/watch?v=y3a-ym7x_0I,http://mymp3song.org/filedownload/41196/he_re_kanhaiya
264,He Suno Meri  Baat,Yeh Gulistan Hamara,1972,S D Burman,Solo,Male,Kishor Kumar,https://www.youtube.com/watch?v=BfeSC_muTgA,http://mymp3song.org/filedownload/43883/he_suno_meri_baat
265,Hello Darling,Darling Darling,1977,R D Burman,Duet,Male&Female,Kishor Kumar& Asha Bhosale ,https://www.youtube.com/watch?v=CCEb8oKqf80,http://mymp3song.org/filedownload/42596/hello_darling
266,Hello Hello Ji Kaho Kya Hai Ji,Bombay Ka Chor,1962,Ravi ,Duet,Male&Female,Kishor Kumar& Asha Bhosale ,https://www.youtube.com/watch?v=0OIOm06iY5c,http://mymp3song.org/filedownload/8534/hello_hello_ji_kaho_kya_hai_ji
267,Hey Babu Yeh hai Jamana,Bhagam Bhag,1952,O P Nayyar,Duet,Male,Kishor Kumar& Mahammad Rafi,https://www.youtube.com/watch?v=C0XidSjiiEA,http://mymp3song.org/filedownload/5636/hey_babu_yeh_hai_zamana
268,Hey Chor Ko Pakado,Dilwala,1986,Bappi Lahiri,Duet,Male&Female,Kishor Kumar& Asha Bhosale ,https://www.youtube.com/watch?v=gR7qhHPl35s,http://mymp3song.org/filedownload/46116/hey_chor_ko_pakdo
269,Hey Devdas Nahin Nahin Main Chandanidas ,Mera Yar Mera Dushman,1987,Bappi Lahiri,Solo,Male,Kishor Kumar,https://www.youtube.com/watch?v=XUJxvM-p0m0,http://mymp3song.org/filedownload/39335/hey_devdas_nahin_nahin_main_chandnidas
270,Hey Maine Kasam Li,Tere Mere Sapane,1971,S D Burman,Duet,Male&Female,Kishor Kumar& Lata Mangeshkar,https://www.youtube.com/watch?v=x8sV7zb-YvI,http://mymp3song.org/filedownload/14029/hey_maine_kasam_li
271,Hindu Hoon main Na Musalman,Maha Chor,1976,R D Burman,Solo,Male,Kishor Kumar,https://www.youtube.com/watch?v=G6y-prrUhOI,http://mymp3song.org/filedownload/10566/hindu_hoon_main_na_musalman
272,Hum The Who Thi,Chalti Ka Nam gadi,1958,S D Burman,Solo,Male,Kishor Kumar,https://www.youtube.com/watch?v=k7S79fOgikc,http://mymp3song.org/filedownload/3755/hum_the_woh_thi
273,Ho Gyrah Honge Sare,Savera,1972,R D Burman,Duet,Male&Female,Kishor Kumar& Lata Mangeshkar,https://www.youtube.com/watch?v=gHtKVWXb1Rk,http://mymp3song.org/filedownload/42462/ho_gyarah_honge_sare
274,Ho jata Hai Pyar ,kasauti,1974,Kalyanji Aanandji,Duet,Male&Female,Kishor Kumar& Lata Mangeshkar,https://www.youtube.com/watch?v=Qt5rVA3IfdU,http://mymp3song.org/filedownload/12020/ho_jata_hai_pyar
275,Ho jaye phir Us din Ka jo Wada,Dhan Daulat,1980,R D Burman,Duet,Male&Female,Kishor Kumar& Asha Bhosale ,https://www.youtube.com/watch?v=f_YxJ-WdofU,http://mymp3song.org/filedownload/42679/ho_jaye_phir_us_din_ka_jo_wada
276,Ho Maine Dil Diya,Zameen Aasaman,1984,R D Burman,Duet,Male&Female,Kishor Kumar& Lata Mangeshkar,https://www.youtube.com/watch?v=29W5zv1VlJM&spfreload=10,http://mymp3song.org/filedownload/8123/ho_maine_dil_diya
277,Ho Paradesiya,Mr.Natawarlal,1979,Rajesh Roshan,Duet,Male&Female,Kishor Kumar& Lata Mangeshkar,https://www.youtube.com/watch?v=oq-AX2yWXdo,http://mymp3song.org/filedownload/10504/ho_pardesia
278,Hoga Thanedar Too,Shahenshah,1988,"Utpal Biswas, Amar Biswas",Duet,Male&Female,Kishor Kumar& Lata Mangeshkar,https://www.youtube.com/watch?v=75N8H4MgCsU,http://mymp3song.org/filedownload/15331/hoga_thanedar_too
279,Holi Ayee re,Mashaal ,1984,Hridaynath mangeshkar,Duet,Male&Female,Kishor Kumar& Lata Mangeshkar& Mahedra kapur,https://www.youtube.com/watch?v=6MNxrueCOCg,http://mymp3song.org/filedownload/10407/holi_ayee_re
280,Holi Ke din,Sholay,1975,R D Burman,Duet,Male&Female,Kishor Kumar& Lata Mangeshkar,https://www.youtube.com/watch?v=S31R6Zr6les,http://mymp3song.org/filedownload/15425/holi_ke_din
281,Hua Kya Agar Tu Zara Bevafa,Dream Girl,1977,laxmikant Pyarelal,Duet,Male&Female,Kishor Kumar& Hema Malini,https://www.youtube.com/watch?v=53zvt623PHw,http://mymp3song.org/filedownload/20374/hua_kya_agar_tu_zara_bewafa
282,Hum Aur Tum the Sathi,Hamara Tumhara,1979,R D Burman,Solo,Male,Kishor Kumar,https://www.youtube.com/watch?v=FRuu9XfPjaA,http://mymp3song.org/filedownload/3608/hum_aur_tum_the_saathi
283,Hum Aur Tum Tum Aur Hum,Daag,1973,laxmikant Pyarelal,Duet,Male&Female,Kishor Kumar& Lata Mangeshkar,https://www.youtube.com/watch?v=6FVg7iwaxNI,http://mymp3song.org/filedownload/20416/hum_aur_tum_tum_aur_hum
284,Hum Banjaron Ki Baat Mat Puchho Ji,Dharam Veer,1977,laxmikant Pyarelal,Duet,Male&Female,Kishor Kumar& Lata Mangeshkar,https://www.youtube.com/watch?v=9YvC85nkPR0,http://mymp3song.org/filedownload/20370/hum_banjaron_ki_baat_mat_poochho_ji
285,Hum Bechare Pyar Ke Mare,Rangoli,1961,Shankar Jaykishan,Solo,Male,Kishor Kumar,https://www.youtube.com/watch?v=68uoBoSW2So,http://mymp3song.org/filedownload/13285/hum_bechare_pyar_ke_mare
286,Hum Bewafa hargij Na The,Shalimar,1978,R D Burman,Solo,Male,Kishor Kumar,https://www.youtube.com/watch?v=2ODQEjSUnok,http://mymp3song.org/filedownload/15067/hum_bewafa_hargiz_na_the
287,Hum Bhi yahan Tum Bhi Yahan,Taaqat,1982,laxmikant Pyarelal,Duet,Male&Female,Kishor Kumar& Anuradha Paudwal& Hemlata,https://www.youtube.com/watch?v=PSc0vvOWH-o,http://mymp3song.org/filedownload/43168/hum_bhi_yahan_tum_bhi_yahan
288,Hum Bolega to Bologe ke bolata Hai,kasauti,1974,Kalyanji Aanandji,Solo,Male,Kishor Kumar,https://www.youtube.com/watch?v=lWexR4mHTo0,http://mymp3song.org/filedownload/12019/hum_bolega_to_bologe_ki_bolta_hai
289,Hum Chup hai,Faasale,1985,Shiv Hari,Duet,Male&Female,Kishor Kumar& Lata Mangeshkar,https://www.youtube.com/watch?v=hxjPGPLoMZQ,http://mymp3song.org/filedownload/931/hum_chup_hain
290,Hum Dono Do Premi,Ajanabee,1974,R D Burman,Duet,Male&Female,Kishor Kumar& Lata Mangeshkar,https://www.youtube.com/watch?v=d7ABnmJETxE,http://mymp3song.org/filedownload/14099/hum_dono_do_premi
291,Hum Dono Mein,Khatron ke Khiladi,1988,laxmikant Pyarelal,Duet,Male&Female,kishor Kumar& Alka Yagnik,https://www.youtube.com/watch?v=2NFL1JOXL5g,http://mymp3song.org/filedownload/62465/hum_dono_mein
292,Hum hai  Rahi Pyar Ke,Nau Do Gyarah,1957,S D Burman,Solo,Male,Kishor Kumar,https://www.youtube.com/watch?v=IHIGwUjtfrA,http://mymp3song.org/filedownload/12869/hum_hain_rahi_pyar_ke
293,Hum jab Honge Saath Sal ke,Kal Aaj Aur Kal,1971,Shankar Jaykishan,Duet,Male&Female,Kishor Kumar& Asha Bhosale ,https://www.youtube.com/watch?v=han4FdTe_9I,http://mymp3song.org/filedownload/12047/hum_jab_honge_saath_saal_ke
294,Hum Kitane Nadan The Yaron,Sitamgar,1985,R D Burman,Solo,Male,Kishor Kumar,https://www.youtube.com/watch?v=E1XJkGD-eng,http://mymp3song.org/filedownload/15358/hum_kitne_nadan_the_yaaron
295,Hum Ko Mohabbat Ho Gyee hai,Hath Ki Safai,1974,Kalyanji Aanandji,Duet,Male&Female,Kishor Kumar& Lata Mangeshkar,https://www.youtube.com/watch?v=UiiI6tdMDW8,http://mymp3song.org/filedownload/3654/hum_ko_mohabbat_ho_gai_hai
296,Hum Ko Nikaloge Ghar se,Chaila Babu,1977,laxmikant Pyarelal,Duet,Male&Female,Kishor Kumar& Asha Bhosale ,https://www.youtube.com/watch?v=yeY5hwcrel0,http://mymp3song.org/filedownload/46013/hum_ko_nikaloge_ghar_se
297,Hum Kya Hai,Anand Aur Anand ,1984,R D Burman,Duet,Male&Female,kishor Kumar& Pinaz Masani,https://www.youtube.com/watch?v=0nQVoteHIro,http://mymp3song.org/filedownload/12281/hum_kya_hain
298,Hum Matawale Naujawan,Shararat,1959,Shankar Jaykishan,Solo,Male,Kishor Kumar,https://www.youtube.com/watch?v=ENC2bbnk-0w,http://mymp3song.org/filedownload/15636/hum_matwale_naujawan
299,Hum Nahin Jhoomte hai,jani Dost,1983,Bappi Lahiri,Duet,Male&Female,Kishor Kumar& Asha Bhosale ,https://www.youtube.com/watch?v=Xji96I9TQ3M,http://mymp3song.org/filedownload/44277/hum_nahin_jhoomte_hai
300,Hum PremiPrem karana jane,Paravarish,1977,laxmikant Pyarelal,Duet,male,Kishor Kumar& Mahammad Rafi& Shailendra Singh,https://www.youtube.com/watch?v=wrV1xiZF_Yw,http://mymp3song.org/filedownload/17888/hum_premi_prem_karna_janen
